table,param_key,condition,label,value,unit,notes
baseline,cleaning_commercial,task_type=Cleaning;building_type=Commercial,商業大樓清潔基準效率,250,m2/hr,
baseline,cleaning_luxury,task_type=Cleaning;building_type=Luxury,豪宅清潔基準效率,200,m2/hr,
baseline,cleaning_factory,task_type=Cleaning;building_type=Factory,工廠清潔基準效率,280,m2/hr,
baseline,cleaning_solar,task_type=Cleaning;building_type=Solar,太陽能板清潔基準效率,500,m2/hr,
baseline,inspection_any,task_type=Inspection,巡檢基準效率,600,m2/hr,
baseline,coating_any,task_type=Coating,噴塗基準效率,150,m2/hr,
coeff_height,height_lte_10f,floors<=10,10樓以下高度係數,1.00,multiplier,
coeff_height,height_11_20f,11<=floors<=20,11–20樓高度係數,0.90,multiplier,
coeff_height,height_21_30f,21<=floors<=30,21–30樓高度係數,0.85,multiplier,
coeff_height,height_gt_30f,floors>30,30樓以上高度係數,0.75,multiplier,
coeff_wind,wind_0_3,wind_ms<=3,風速 0–3 m/s 係數,1.00,multiplier,
coeff_wind,wind_4_5,4<=wind_ms<=5,風速 4–5 m/s 係數,0.90,multiplier,
coeff_wind,wind_6_7,6<=wind_ms<=7,風速 6–7 m/s 係數,0.80,multiplier,
coeff_wind,wind_8_9,8<=wind_ms<=9,風速 8–9 m/s 係數,0.65,multiplier,
coeff_wind,wind_gte_10,wind_ms>=10,風速 ≥10 m/s（作業中止）,,multiplier,null = halt
coeff_complexity,complexity_none,complexity=none,無複雜度係數,1.00,multiplier,
coeff_complexity,complexity_light,complexity=light,輕度複雜度係數,0.95,multiplier,
coeff_complexity,complexity_medium,complexity=medium,中度複雜度係數,0.85,multiplier,
coeff_complexity,complexity_heavy,complexity=heavy,重度複雜度係數,0.70,multiplier,
coeff_contamination,contam_dust,contamination=dust,灰塵污染係數,1.00,multiplier,
coeff_contamination,contam_scale,contamination=scale,水垢污染係數,0.85,multiplier,
coeff_contamination,contam_mold,contamination=mold,黑黴污染係數,0.80,multiplier,
coeff_contamination,contam_grease,contamination=grease,油污係數,0.70,multiplier,
coeff_contamination,contam_multi,contamination=multi,多重污染係數,0.65,multiplier,
coeff_time_window,window_day,time_window=day,白天作業係數,1.00,multiplier,
coeff_time_window,window_weekend,time_window=weekend,週末作業係數,0.95,multiplier,
coeff_time_window,window_night,time_window=night,夜間作業係數,0.75,multiplier,
setup,setup_base,,Setup 基本時間,90,minutes,
setup,teardown_base,,Teardown 基本時間,60,minutes,
setup,addon_self_water,water_supply=self,自備水源增加,30,minutes,
setup,addon_self_power,power_supply=self,自備電源增加,20,minutes,
setup,addon_road_closure,road_closure=true,封路申請增加,45,minutes,
setup,addon_poor_rooftop,rooftop_access=poor,屋頂條件不佳增加,30,minutes,
rest,legal_rest_cycle,,每多少作業時間需休息,2,hours,每 2 hr 強制休息
rest,legal_rest_duration,,每次法定休息時間,30,minutes,
buffer,buffer_r0,risk=R0,R0 中斷預留比例,0.05,ratio,
buffer,buffer_r1,risk=R1,R1 中斷預留比例,0.10,ratio,
buffer,buffer_r2,risk=R2,R2 中斷預留比例,0.20,ratio,
buffer,buffer_r3,risk=R3,R3 不排作業,,ratio,null = no schedule
buffer,buffer_r4,risk=R4,R4 禁止作業,,ratio,null = no fly
schedule,max_daily_hours,,每日最大有效作業時間,8,hours,不含休息
